EL0003 - ADITMAQ ADITIVOS Y MAQUINARIAS CIA,9.05
EL0097 - SUPERLIMP CIA. LTDA.,8.83
MP0073 - INTEROC S A (UIO),9.35
MP0129 - SOLVESA ECUADOR S.A.,9.16
MP0202 - PROVEQUIM C.A.,9.24
MP0203 - CORPORACION CODAN CIA LTDA,9.35
MP9125 - QSI ECUADOR S.A.,8.93
QU0167 - QUIMICA AMTEX S.A.,8.96
SE0183 - MOSQUERA AULESTIA ALEJANDRO,8.68
SE2327 - AGENCIA DE SERVICIOS ADUANEROS FMA,9.68
SE4430 - INCOTRAM OPERADORA DE COMERCIO INTE,9.74
SE4449 - ENTREGAS Y CONSOLIDACION ENSPECON S,9.06
AM0122 - CEVALLOS BRITO WILMER DANIEL,8.87
AM0129 - PROVEEDORA DE MADERA CEVALLOS VALAR,8.94
AL0025 - QUISPE FRAY MARIA,8.40
AL0032 - SOLORZANO DELGADO MARIA ROSA,9.57
AL0047 - PRADO TOMALA SARA EDITH,9.57
AL0054 - RODRIGUEZ C. CLAUDIO E.,9.34
AL0089 - ANZULES LOOR TARGELIA JUDITH,8.80
AL0092 - GUEVARA CASERES ESPLENDIDA JANET,9.57
AL0108 - MORALES SARMIENTO MARIA FLORENCIA,2.08
AL0109 - LARREA ALVARADO JESSICA YESSENIA,8.11
AL0184 - AGUILA GARCIA IRMA CARMEN,8.30
AL0230 - CUJI VALLE GLENDA ISABEL,8.30
AL0248 - GOURMET FOOD SERVICE GFS S.A.,9.48
AL0252 - TECFOOD SERVICIOS DE ALIMENTACION S,9.37
AL0263 - PACHECO RIVAS MARIA ISABEL,7.33
AL0268 - COMPAÑIA DE ALIMENTOS Y SERVICIO,9.20
AL0281 - CONDOR PAJUNA BETTY MARGOTH,8.97
AL0315 - OBANDO CHASING RAUL ROGER,9.57
AL0316 - JIMENEZ PRECIADO JUAN ANTONIO,7.81
AL0326 - CADENA JARA ANGELITA,9.25
AL0336 - GONZALES MACIAS ANTONIA PATRICIA,9.02
AL0344 - MONTANO VALENCIA ROSA ELENA,2.08
AL0347 - QUIMIS CASTANEDA MARIA MARLENE,9.57
AL0362 - ANTE QUINCHIGUANGO VERONICA XIMENA,9.07
AL0367 - BUENO CHALAR GLADIS MATILDE,8.33
AL0369 - CEDENO BENAVIDES LAURITA MARIVEL,9.52
AL0370 - VASQUEZ BRAVO SARA ISABEL,9.47
AL0376 - RAMIREZ MERA JESSICA JOHANNA,7.33
AL0379 - QUISHPE INCHIGLEMA MIRIAM BERTHA,9.57
AL0384 - AYALA BAJANA DARWIN OTTON,9.30
AL0390 - AREVALO MOROCHO NANCY FAVIOLA,8.35
AL0397 - VALVERDE ARGUDO ROSA FABIOLA,2.08
AL0400 - ORDOÑEZ ZAMBRANO KATTY ALEXANDRA,9.57
AL0401 - VELEZ ANZUALES IRENE PETITA,7.90
AL0408 - VASQUEZ BUNGACHO MARCIA ROCIO,9.42
AL0409 - SANMARTIN CALLE LUZ BARBARITA,9.03
AL0413 - INTRIAGO CHAVEZ MARIA VIRGINIA,7.33
AL0418 - JIMENEZ PRECIADO FAVIOLA,7.33
AL0422 - CHERRE CUSME MARIA DIOLANDA,8.14
AL0427 - REA AMBOYA LUPE MARIBEL,2.08
AL0433 - GODDARD CATERING GROUP GUAYAQUIL S.,9.48
AL0435 - JIMENEZ PRECIADO LUZ MARINA,7.33
AL0443 - PAREDES ZAMBRANO YOLANDA ELIZABETH,8.10
AL0444 - TOLAGASI FARINANGO BLANCA INES,9.53
AL0452 - GARZÓN INTRIAGO MARÍA JOSÉ,8.78
AL0457 - CORPORACIÓN ZAMBRANO-VALLE S.A.,9.42
AL0459 - CAGUANA CAJILEMA INES MARLENE,2.03
AL0462 - PERLAZA GARCIA JOVITA GRACIELA,9.57
AL0467 - SERVICIOS DE ALIMENTACION VILLA DEL,9.52
AL0468 - ARTEAGA ACOSTA SUSANA,7.87
AL0469 - BARREIRO INTRIAGO VERONICA MONSERRA,7.28
AL0471 - ECHEVERRIA CARRASCO JUAN CARLOS,9.16
AL0473 - TIPAN DUCHI EVA GEORGINA,2.27
AL0475 - VALAREZO CEPEDA LELY MARLENE,2.08
AL0476 - PACHECO ARMENDARIZ LILIAN RUDT,9.34
SE2270 - MORENO VILLON JORGE BERNARDO,8.25
ML0152 - CANALAECHEVARRIA RAMCKE MARTIN,7.83
SE2233 - EXPORTACIONES E IMPORTACIONES SAN R,7.18
SE3069 - CANALA ECHEVARRIA RAMCKE SANTIAGO,7.83
SE3070 - RAMCKE SCHEDEL MARIA SILVIA RENATE,8.07
SE4175 - INMOBILIARIA MP4 S.A,9.70
SE4210 - CANTOS RIVERA EDUARDO AGUSTIN,9.47
SE4262 - CONLAGO SIMBAÑA SEGUNDO EDGAR,10.00
SE4285 - COMPLEJO DE BODEGAS DURAN CMBODURAN,7.47
SE4291 - SALGADO MENDEZ LIDIA ESPERANZA,8.80
SE4309 - BANEGAS ULLOA CESAR GUSTAVO,8.80
SE4342 - BUENAÑO PORRO VILMA ISABEL,7.90
SE4356 - TORAL MURILLO MARIA DOLORES,6.08
SE4402 - DISTRIBUIDORA MARGCAMP SOCIEDAD ANO,9.33
SE4443 - LOPEZ PEREZ PEDRO PATRICIO,7.41
SE4454 - SALINAS LOPEZ ENRIQUE LADISLAO,8.75
SE4487 - VORBECK MARIA EMILIA DEL CARMEN,3.48
SE4494 - CARGO-MAR SERVICIOS S.A. CARGOMAR,7.78
SE4503 - CEVALLOS ROMERO PATRICIA MARGOTH,7.22
SE4516 - CANIZARES ORTIZ PERICLES ALEJANDRO,6.43
MP4452 - OCEANFISH S.A.,7.39
MP4188 - FRAGAROMAS CIA.LTDA.,8.51
MP4467 - ECUESSENCE CIA. LTDA.,9.35
SE4368 - ERNST & YOUNG ECUADOR E&Y CIA. LTDA,9.46
EI0109 - SERINTU S.A.,8.77
EI0171 - BANDAS & BANDAS CIA. LTDA,9.60
EI0180 - PREDYMAQ SOCIEDAD ANONIMA,9.53
FI0098 - IVAN BOHMAN C.A.,8.60
FI0121 - SUTIN,9.54
FI0198 - TUTILLO QUISHPE ANGEL RENE,8.79
ME0131 - CONDIMAQSA,9.41
MM0298 - OTASI,9.62
RM0006 - REPRINTER,10.00
RM0064 - MOLINA ROJAS MOLINARO CIA. LTDA.,9.37
EI0003 - BALANZMATIC ECU CIA LTDA,9.59
EI0009 - ESPINOSA PAEZ S A,8.69
EI0183 - PINPREXAT PRECISION EXACTITUD SOPOR,8.79
MM0033 - PRECITROL,9.21
RM0029 - PINTO PACHACAMA DANIEL JACINTO,9.30
EI0074 - INTERMAQ S.A.,8.01
EI0188 - VILLACIS ARREAGA ELSY CONSUELO,9.59
FI0004 - ACERO COMERCIAL ECUATORIANO S.A.,8.42
FI1063 - IMPORTADORA Y DISTRIBUIDORA COMERCI,8.93
IP0106 - LITOTEC S.A.,8.73
ME0014 - CORRUGADORA NACIONAL CRANSA S.A.,9.35
ME0081 - PRODUCTORA CARTONERA S.A.,8.46
ME0251 - CONVERSA CONVERTIDORA DE PAPEL S.A.,8.96
ME0254 - CAJAS Y EMPAQUES INDUSTRIALES CLUST,8.66
ME0267 - GRUPASA GRUPO PAPELERO CIA. LTDA.,8.34
PE0204 - PAPELERA NACIONAL S.A.,9.16
CO0070 - VEPAMIL S.A.,8.27
CO0075 - ENI ECUADOR S.A.,9.05
CO0082 - DURAGAS S.A.,8.26
RL0010 - INAEXPO,8.92
QU0070 - QUIMPAC ECUADOR S.A.QUIMPACSA,9.33
EK0029 - ANDALUCIA CIA.LTDA.,9.35
EK0050 - CARDONA HERNANDEZ DANIEL FERNANDO,8.12
ES0031 - PROIMPORT PRODUCTOS DE IMPORTACION,7.78
ES0034 - CASTRO TELLO JUAN ROSENDO,9.25
FI0190 - TECHNOLOGY ASSISTANCE ASSISTECH CIA,9.04
EI0196 - JAULASVIDA S.A,8.30
ME0038 - PICA,8.43
ME0248 - INDUSTRIA DE PLASTICOS EXPANDIBLES,7.44
ME0253 - PLÁSTICOS PANAMERICANOS PLAPASA S.A,7.56
MP4160 - INDUSTRIAL PESQUERA SANTA PRISCILA.,7.73
MP4289 - TRANSCITY S.A.,7.30
MP9842 - TAMAYO RUIZ LISET MARGARITA,7.54
MP9904 - INDUSTRIA DE ENLATADOS ALIMENTICIOS,6.17
MP9911 - Logistic Container & Transport Ecua,6.29
MP9999 - PESCANDES PROCESADORA DE ALIMENTOS,9.03
EI0097 - IMPORTCRUZ IMPORTADORA CRUZ Y ASOCI,9.38
SE4498 - ROMERO GOROTIZA GUSTAVO HERIBERTO,8.80
EI0077 - ALLAMERICANCORP S.A.,7.94
MC0202 - EGAS ESCOBAR PATRICIO MANUEL,9.08
EL0009 - PROINSTRA S.A.,8.16
EL0041 - DISTECNICS CORPORATION SA,9.85
EL0070 - ESPECTROCROM CIA.LTDA.,9.95
ML0157 - CERTIFICACION METROLOGICA CERTMETRO,9.68
EO0034 - DIMETALSA S.A.,9.29
EC0050 - NOBREAK S.A.,8.46
EC0058 - TOTALTEK S.A.,5.39
EC0105 - NUOTECNOLOGICA CIA LTDA,7.77
EC0155 - AUDIO Y SONIDO AUDIOSHOP S.A.,8.20
IP0015 - IMPRENTA MARISCAL CIA LTDA,8.91
IP0047 - ENGOMA,7.40
IP0086 - ARELLANO YEPEZ RUTH DANIELA,9.20
IP0096 - FESAECUADOR S.A.,8.86
IP0098 - EXELIMPRESOR GRAFICOS CIA.LTDA.,8.81
ME0002 - ADHINFLEX CIA LTDA,9.05
ME0003 - LOPEZ ARCE MARIA EVITA.,8.53
ME0053 - SISMODE CIA.LTDA.,8.75
ME0226 - QUIGRAFI C.A.,8.79
ME0258 - IMPRENTA DON BOSCO C.S.P.,8.76
PU0032 - STAMPA PRODUCCIONES,8.42
EI0004 - CASA COMERCIAL ALMEIDA,8.69
ME0010 - LIMPA CIA.LTDA.,8.60
ME0022 - FLEXIPLAST S.A.,8.62
ME0035 - NEYPLEX,8.28
ME0040 - PIOLERA PONTESELVA,8.09
ME0042 - PLASTICOS DEL LITORAL,8.74
ME0045 - PLASTIGUAYAS,7.70
ME0048 - PRODUCTOS PARAISO,7.90
ME0109 - PREPACKING,8.75
ME0116 - OYEMPAQUES,8.47
ME0118 - REYSAC S.A.,7.97
ME0150 - PLASTICSACKS CIA. LTDA.,8.68
ME0175 - PLASTICOS KOCH C.LTDA.,9.35
ME0223 - TINFLEX S.A.,7.00
ME0235 - CORDELERIA ISANCRIS CIA.LTDA,8.94
ME0240 - TERMOEK TERMOENCOGIBLES Y EMPAQUES,9.08
ME0245 - DISTRIBUIDORA NEWPACK S.A.,8.25
ME0252 - OREMPLAS S.A.,8.67
ME0263 - EXPOPLAST C.L.,7.69
ME0264 - THURLEIGH DISTRIBUTORS DEL ECUADOR,8.47
ME0275 - DARNEL ECUADOR S.A,8.13
ME0276 - ACCLUSOL S.A.,8.60
MP0082 - ALITECNO,8.68
MP0288 - PZ COMERCIALIZADORA CIA LTDA,9.18
ML0011 - ELECTRO ECUATORIANA,8.79
ML0172 - ENERGYPLAM CIA.LTDA,9.91
VE0021 - INDUSUR S A,9.07
MP4027 - PRODUTECNICA S.A.,9.35
MP4339 - PRODUCTOS Y SERVICIOS ALIMENTICIOS,9.01
MP9018 - CARRASCO TAMAYO HECTOR MOISES,9.25
MP9022 - MADRID SALAZAR MARIA INES,9.11
MP9073 - TOPTRADING CIA. LTDA,9.31
QU0169 - MAGIC FLAVOR S.A.,8.85
EI0087 - COMERCIO EXTERIOR CECOMEX S.A.,9.22
EI0146 - MJ DOORS CIA.LTDA.,7.68
FI0167 - SURMAQ,9.88
FI1078 - SOCIEDAD DE EXPORTACIONES E IMPORTA,9.66
EI0068 - ECUATORIANA INDUSTRIAL TERMOVAL CIA,8.84
EI0075 - EMPRESA COMERCIAL VELA LEIVA EMCOVE,7.72
EI0081 - ECUAINSETEC CIA.LTDA.,8.94
EI0090 - SAAVEDRA CASTILLO JAIME RAMIRO,9.32
MM0086 - NEUMAC S.A.,9.70
HT0209 - METROPOLITAN TOURING C.A.,4.50
IP0105 - PAREDES AGUAGALLO LUIS EFRAIN,9.67
PU0351 - CENTRO DE IMPRESION DIGITAL CENTER,9.64
IA0024 - ECUAQUIMICA,8.06
MS0032 - POLIDISTRIBUCIONES TECNICAS S.A.POL,9.41
QU0020 - BRENNTAG ECUADOR S.A.,8.86
QU0047 - TADEC CIA.LTDA.,9.43
QU0049 - QUANTUM S.A,7.07
QU0178 - MONTANA ECUADOR MONTANEC S.A.,9.58
QU0203 - FERTISA AGIF C.L.,7.03
EL0064 - HUGO RUEDA REPRESENTACIONES CIA LTD,9.42
EL0094 - CAMPOS ROSERO VICTOR HUGO,8.53
LL0014 - TECFARONI,9.14
LL0054 - LLANTICENTRO L&M S.A.,8.69
VE0025 - MAQUINARIAS Y VEHICULOS S.A.,8.94
RM0120 - TOTALINK S.A.,9.10
PU0511 - FRIOMIX ECUADOR S.A.,6.93
TS2357 - AGENCIA DE PUBLICIDAD TRADE Y BTL G,9.60
TS0151 - MONTENEGRO NARANJO PATRICIO JEOVANN,8.91
ET0039 - FABRICA DE ENVASES S.A. FADESA,8.27
ET0043 - RHENANIA S.A.,9.35
ET0045 - TECNOPLAST CIA. LTDA.,8.98
ME0015 - CRISTALERIA DEL ECUADOR S.A.CRIDESA,8.17
ME0091 - INDUSTRIAS IEPESA,9.53
ME0098 - DISTRIBUIDORA IMPORTADORA DIPOR S.A,9.13
ME0120 - SUPRAPLAST,9.30
ME0126 - MOLDECUA S.A.,9.27
ME0146 - GOLDERIE TRADING CIA LTDA,8.28
ME0255 - COMERCIALIZADORA SAN ROQUE S.A.,9.04
ME0262 - MOLPACK ECUADOR ECUAMOLPACK S. A.,9.27
ME0270 - INPROPET S.A.,9.35
ME0272 - TERMOPACK GONZALEZ ESCOBAR COMPAÑIA,9.00
SO0055 - PACO COMERCIAL E INDUSTRIAL S.A.,9.14
PU0174 - ORESA S.A.,9.70
PU0304 - COELLO VILEMA ELOIZA PIEDAD,8.31
MC0269 - IMPORTADORA ELECTRICA IMPORCOELEC C,9.49
ME0266 - GEINSOTEC GESTION INDUSTRIAL Y SOLU,9.22
ML0015 - ELECTROLEG S A,9.15
ML0017 - IMPORTACIONES PROYECTOS Y SUMINISTR,9.03
ML0025 - MARRIOT S.A.,8.88
ML0067 - INGUIBRA,8.53
ML0117 - HOYOS MEJIA ANDREA VALERIA,9.39
ML0121 - LUCIO PLAZA GLADYS VERONICA,7.18
ML0129 - HERRERA MONTERO LEONARDO ANDRES,9.48
ML0138 - JNG DEL ECUADOR S.A.,8.74
ML0173 - SISTELESA S.A,8.90
ML0175 - PRECISIONECUADOR S.A.,9.15
ML0176 - AIDA ISABEL GAIBOR GARCIA,9.48
ML0179 - MEJIA TRIVIÑO TERESA DE JESUS,8.81
TS0530 - SEINGPROAÑO SERVICIOS DE INGENIERÍA,7.45
IA0121 - AGROAL CIA.LTDA.,9.57
IM2435 - Biotecno USA Corp.,9.12
MP0090 - DANEC S A,8.76
MP0094 - ECUATORIANA DE SAL Y PRODUCTOS QUIM,8.42
MP0130 - VETAVES,9.42
MP0138 - LA FABRIL S.A.,8.94
MP0155 - INDUSTRIAS ALES C.A.,9.27
MP0158 - MODERNA ALIMENTOS S.A.,8.83
MP0160 - EXTRACTORA AGRICOLA RIO MANSO,8.51
MP0168 - DURAN SALAZAR VICTOR HUGO,8.92
MP0175 - EXPLOSA S.A.,8.69
MP0200 - SIEXPAL S.A.,8.45
MP0204 - DSM NUTRITIONAL PRODUCTS ECUADOR SA,9.59
MP0220 - MOLINOS E INDUSTRIAS QUITO CIA.LTDA,8.89
MP0236 - GLOBE EXTRACTOS ANDINOS C.A.,9.31
MP0278 - DISAROMATI S.A.,9.49
MP0510 - PROCESADORA DE ALIMENTOS S.A.PRODAL,8.76
MP0548 - OLEORIOS S.A.,8.70
MP1179 - CENTERCORP S.A.,8.16
MP3435 - ZULETA Y ANEXAS CIA. LTDA.,8.23
MP3476 - LEVAPAN DEL ECUADOR S.A.,9.07
MP3491 - VIMIN VITAMINAS Y MINERALES C.A.,9.72
MP3509 - CORPORACION SUPERIOR CORSUPERIOR S.,9.25
MP3532 - ADITIVOS Y ALIMENTOS S A,9.74
MP3533 - MOLSANDO S.A,8.51
MP3564 - ZAVALA AREVALO JANETH XIMENA,8.82
MP3579 - ECUADPREMEX S.A.,9.13
MP3626 - ARMAS MUÑOZ SONIA,7.75
MP3699 - NAVARRETE PALMA JOSE HERNAN,8.42
MP3720 - YAGUAL ORTIZ DENNIS,8.87
MP3775 - ROMAN CABEZAS FRANKLIN ARMANDO,8.51
MP3818 - ARROCESA S.A.,9.17
MP3907 - MONTERREY AZUCARERA LOJANA CA MALCA,8.66
MP3912 - PROBAC,8.65
MP3915 - PRODUCTORA MARVIVO S.A. PROMARVI,8.54
MP3918 - INGENIO AZUCARERO DEL NORTE IANCEM,9.04
MP4004 - REVELO JARA CONSUELO,7.16
MP4005 - VITABAL S.A.,8.51
MP4040 - ANIPROTEIN PROTEINA ANIMAL CIA.LTDA,8.95
MP4047 - DISAN ECUADOR S.A.,9.05
MP4049 - ROSMEI S.A.,8.90
MP4106 - INDAMI CIA.LTDA.,9.76
MP4140 - DISTRIBUIDORA CORDOBA VITERI CIA.LT,9.03
MP4184 - Z&R CORP S.A.,9.54
MP4258 - PROCEPALMA S.A.,8.92
"MP4273 - CONSORCIO INTERANDINO,INTERCONSORCI",8.45
MP4319 - MORALES CARRERA HERNAN ROBERTO,9.01
MP4321 - NUTRIMELAZA CIA LTDA,9.49
MP4358 - REPRESENTACIONES INTERNACIONALES VE,8.82
MP4359 - PROTEINAS DEL ECUADOR ECUAPROTEIN S,9.49
MP4382 - CHICA MENDIETA JUAN CARLOS,7.35
MP4395 - QUALICHEM COMPAÑÍA LIMITADA,9.72
MP4415 - TADEL S.A.,8.83
MP4483 - MADRE TIERRA S.A.,8.79
MP9014 - OLEODAVILA S.A.,8.71
MP9067 - BALANCEADOS CAMPO S.A BALCAMSA,9.37
MP9071 - ANTÓN GONZENBACH VALLEJO,8.43
MP9074 - Biomin Ecuador s.a Ecuabiomin,9.71
MP9078 - COMPAÑIA GRUIMASEL S.A.,8.19
MP9083 - DIAZ LAMA ANDREA ESTEFANIA,8.36
MP9084 - BURBANO SERRANO DIANA GABRIELA,8.45
MP9085 - AGROPALACARA S.A.,8.50
MP9090 - TROPICANDINA S.A.,9.40
MP9778 - MANOBANDACORP C.A.,8.73
MP9792 - ADMECUADOR CIA LTDA,9.09
MP9832 - EXU S.A,9.03
MP9888 - NUPROXA ECUADOR S.A.,9.77
MP9896 - CEDENO BRIONES JACINTO ORLEY,9.43
MU0017 - BENCAL S.A.,8.95
QU0042 - RESIQUIM S A,9.14
MP0105 - INSUALIMCO,8.99
MP0128 - SERDELA ECUATORIANA S.A,7.67
MP0146 - DISTRIBUIDORA DESCALZI S.A..,9.06
MP0229 - AROMCOLOR S.A.,9.35
MP0239 - PROAJI C. LTDA.,9.01
MP0337 - CORDOVA COX FAUSTO EDUARDO,9.25
MP0790 - SOCIEDAD INDUSTRIAL GANADERA ELORDE,9.03
MP0791 - FLORALP S.A.,8.64
MP0820 - QUICORNAC S.A.,9.32
MP1092 - REPYDISA C.A.,9.53
MP1113 - S&S NEGOCIOS ASOCIADOS MAYORISTAS,9.00
MP3536 - SERVICIOS TOPMIND CIA.LTDA.,9.35
MP3606 - SEMVRA-ECUADOR S.A.,9.51
MP3906 - GUAMAN YAR DANILO SANTIAGO,9.25
MP4022 - PINTAG POMAQUERO MARIA ROSARIO,8.59
MP4107 - CAJAS BORJA HERNAN GEOVANNY,9.29
MP4173 - CHUGCHILAN AYALA JOSE PEDRO,9.25
MP4227 - CALI SEGUNDO ALCIDES,9.19
MP4232 - SERVICIO INTEGRAL PARA LA INDUSTRIA,9.35
MP4353 - PROESEMICA CIA.LTDA.,9.19
MP4383 - DIAZ CUASCOTA LUIS FAUSTO,9.25
MP4393 - GALAPESCA S.A.,8.83
MP4404 - FABRICA BIOS CIA.LTDA.,7.58
MP4454 - TOAPANTA CAJAS JENNY MARIZOL,9.25
MP4461 - ENVAGRIF C.A. ENVASADOS AGRICOLAS Y,9.10
MP4463 - SIMON FRIAS JOSE FARID,8.75
MP4485 - KENNET C.A.,9.35
MP9013 - Agropecuaría Industrial y Comercial,8.61
MP9047 - DELCAMPO S.A.S,8.16
MP9069 - GRIFFITH FOOD S.A.S.,9.11
MP9086 - CEPAPRODUCCION CIA. LTDA,9.35
MP9095 - MINERVA S.A.,9.74
MP9100 - CONDIMARKET CIA LTDA,8.88
MP9101 - KYPROSS S.A.,8.59
MP9143 - CIBUM CIA LTDA,8.40
MP9831 - IGLESIAS TINOCO ALEX FERNANDO,9.25
MP9841 - ALIMENTOS ESPECIALES PROCESADOS C.A,9.35
MP9843 - ALIMENTO NATURAL CHOCHOSUPPLY S.A.,9.35
MP9876 - CIBELESA S.A.,9.35
MP9877 - CHERREZ EGUEZ SONIA MARIBEL,9.35
MP9878 - CAISALITIN NAULA DARWIN PATRICIO,9.25
MP9897 - PRODUCTORA Y COMERCIALIZADORA GUADA,9.11
MP9899 - ESCANDON PACHECO JOSE ALEJANDRO,9.33
MP9902 - TECNIAROMAS S.A. AROMAS TECNICOS,9.35
MP9903 - Maxipan S.A,9.24
"MP9906 - PROISAL S.A. PRODUCTOS, INGREDIENTE",9.35
MP9907 - JUEZA S.A. JUEZASA,8.58
MP9910 - AROMCOLOR S.A.S.,9.35
RA0034 - MANCHENO BALSECA CARLOS ENRIQUE,8.38
IA0027 - FARMAVET FARMACOS VETERINARIOS S.A.,9.63
IA0055 - CARVALECUADOR S.A.,9.65
IA0058 - OCHOA GARCIA LORENZO GONZALO,9.54
MP0083 - ALLTECH ECUADOR CIA.LTDA.,8.73
MP0161 - AVIHOL CIA.LTDA.,9.36
MP0172 - PHARMACY & NUTRITION PHARNUTRI S.A.,9.82
MP9089 - ADICHEMSA SUPPLIES AND SERVICES S.A,9.41
MS0052 - IMPVET IMPORTADORA VETERINARIA CIA.,9.68
QU0193 - ZOETISECUADOR CIA.LTDA.,9.40
SE4249 - MEGAGROSTORE CENTRO AGROPECUARIO S.,9.49
MS0054 - SUMINISTROS MEDICOS Y DE LABORATORI,8.71
MS0080 - ISAMM DISTRIBUIDORA FARMACEUTICA S.,7.76
"LI0030 - CORONEL, CHAVEZ & CIA.",9.55
SE1864 - GADERE S.A.,9.51
SE2070 - HAZWAT CIA.LTDA.,9.34
SE2444 - GEOAMBIENTE CIA.LTDA.,9.52
LL0011 - ANTONIO PINO YCAZA CIA.LTDA.,8.49
RM0122 - ZACCA S.A.,9.49
RM0160 - JUNGHEINRICH ECUADOR S.A.,8.47
EI0160 - REPRESENTACIONES METALMECANICAS,9.12
MU0028 - HERNANDEZ LOOR GEORGEANA ALEXANDRA,8.93
IM0885 - BASF AGRO B.V.,9.29
ME0069 - IMPORTADORA ALMEIDA IMPOALMEIDA CIA,9.37
ME0206 - EXPLAST S.A. EXTRUSIONES PLASTICAS,8.47
ME0211 - CASTRO VINUEZA WILSON ARMANDO,8.09
ME0232 - ENVASES ALIMENTICIOS PRIMAVERA ENVA,7.59
ME0234 - ECHEVERRIA PROAÑO INES MARIELA,9.35
ME0243 - NPD GLOBAL SUPPLIERS S.A.,9.17
ME0244 - ENVATUB S.A,8.94
ME0250 - EPCYS COMERCIALIZADORA S.A.,8.41
ME0278 - FYM INPLASS CIA.LTDA.,9.71
IM2321 - VIDRIERA CENTROAMERICANA S.A.,8.63
"IM2446 - ELITE SPICE, INC.",8.70
FI0136 - FEHIERRO CIA. LTDA.,8.61
HP0037 - IDMACERO CIA.LTDA.,8.00
EI0072 - SOLPAC SOLUCIONES INDUSTRIALES S A,8.43
FI0060 - L. HENRIQUES CIA. S.A.,8.89
FI0102 - VEFERSA,8.74
RM0123 - TANGARIFE SANCHEZ CARLOS MARIO,8.97
IM0258 - AGROINDUSTRIAS NOBEX S A,8.63
IM0416 - ACONCAGUA FOODS SA,7.17
IM2239 - NOEL ALIMENTARIA SAU,7.24
IM2317 - ACEITES YBARRA S.A.,8.69
IM2362 - CONSERVAS LOS ANGELES LTDA,8.94
IM2367 - Watts SA,8.62
IM2381 - AGRUCAPERS S.A.,9.02
IM0625 - BASF QUIMICA COLOMBIANA S A,9.30
IM0022 - CARGILL AMERICAS INC.,9.01
IM0902 - SEABOARD OVERSEAS LTD.,8.04
IM0911 - BUNGE LATIN AMERICA LLC,9.27
IM2018 - CAI TRADING LLC,8.63
IM2386 - CARGILL GmbH,8.70
IM0008 - AMANDUS KAHL GMBH,8.95
IM0018 - BUHLER AG,9.77
IM0023 - CBH INTERNACIONAL,7.90
IM0417 - BUHLER S.A.,9.16
IM0567 - WEBER MASCHINENBAU GmbH & CO KG.,8.97
IM0630 - VEMAG MASCHINENBAU GMBH,8.93
IM0726 - BIZERBA ARGENTINA SA,9.17
IM1012 - MAYEKAWA COLOMBIA SAS,8.34
IM1048 - ALFA LAVAL S A,8.35
IM1057 - PRINCE INDUSTRIES INC,8.80
IM1115 - PROVISUR TECHNOLOGIES,8.32
IM1133 - MARLEN INTERNATIONAL,8.97
IM2029 - L B WHITE COMPANY INC,7.30
IM2080 - SOLUCIONES PLASTICAS INDUSTRIALES S,10.00
IM2094 - MEYN FOOD PROCESSING TECHNOLOGY BV,9.61
IM2163 - VALCO COMPANIES INC,7.40
IM2169 - ROBERT BOSCH LTDA,9.75
IM2213 - NIRAS A/S,9.25
IM2265 - GEA ANDINA SAS,9.85
IM2277 - LINCO FOOD SYSTEMS A/S,9.03
IM2282 - VOLPAK S.A.U,9.55
IM2292 - INTERNATIONAL SUPPLY PROVIDERS INC,9.38
IM2310 - BIG DUTCHMAN INC,7.76
IM2311 - MAREL RED MEAT SLAUGHTERING B.V.,9.21
"IM2342 - AMEBO FOOD MACHINERY, S.L.",10.00
IM2372 - PLASPAK MAQUINARIAS SPA,8.54
IM2416 - Tecnologias y equipos para el medio,9.78
IM0038 - DEVRO INC.,7.59
IM0115 - VISKASE COMPANIES INC,8.01
IM0194 - VISCOFAN DO BRASIL S C L LTDA,8.20
"IM0784 - SILGAN WHITE CAP HOLDINGS SPAIN,S.L",8.77
IM0853 - VENADOS MANUFACTURA PLASTICA,8.54
IM1022 - ALPES CASING NET LLC,7.91
IM1069 - VISKOTEEPAK,7.84
IM2168 - INLINE PACKAGING LLC,8.06
IM2188 - APTAR QUERETARO S.A DE CV,8.52
IM2217 - METALPREN SA,7.76
IM2284 - HPM GLOBAL INC,8.76
IM2391 - ALL4LABELS GRAFICA DO BRASIL LTDA,8.26
IM2392 - FLAIR FLEXIBLE PACKAGING CORP. CANA,8.61
IM2440 - DONGWON SYSTEMS CORP,8.29
IM0177 - LICAN ALIMENTOS S A,9.11
IM0185 - LUCTA GRANCOLOMBIANA S A S,9.33
IM0210 - INGREDION COLOMBIA SA,9.16
IM0216 - AJINOMOTO DO BRASIL IND E COM DE AL,9.14
IM0267 - INTERNATIONAL INGREDIENT CORPORATIO,8.40
IM0392 - TAMICO BVBA,9.60
IM0402 - AFB INTERNATIONAL,9.67
IM0426 - QUIMPAC S A,9.08
IM0477 - BIOVET SA,9.73
IM0512 - PRINCE AGRI PRODUCTS INC,9.41
IM0568 - IMPEXTRACO LATIN AMERICA,9.73
IM0672 - SPF DO BRASIL INDUSTRIA E COMERCIO,9.44
IM0820 - CJ DO BRASIL IND E COM,9.30
IM0922 - ALICORP S A A,8.08
IM0995 - ADISSEO FRANCE SAS,9.58
IM1010 - ICC INDUSTRIAL COMERCIO EXPORTACAO,9.44
IM1070 - CHR OLESEN LATIN AMERICA AS,8.74
IM2027 - PAFFA SA DE CV,9.69
IM2084 - YESSINERGY DO BRASIL AGROINDUSTRIAL,9.50
IM2100 - ORFFA ADDITIVES B V,8.78
IM2150 - AFB INTERNATIONAL ARGENTINA SRL,9.63
IM2160 - JONES HAMILTON CO,8.91
IM2189 - DIAMOND CORPORACION SA,9.58
IM2208 - IANSA INGREDIENTES SA,8.83
IM2241 - ZINC INDUSTRIAS NACIONALES SA,9.49
IM2268 - ADIVETER SL,9.53
IM2307 - CJ SELECTA S.A.,9.26
IM2345 - SUMITOMO CHEMICAL CHILE SA,9.68
IM2351 - TUNIFEED,8.63
IM2388 - INTERNATIONAL COFFEE AND FERTILIZER,9.23
IM2396 - Rio Pardo Proteina Vegetal S.A.,8.95
IM2398 - P&A MARKETING SA,9.27
IM2412 - DIANA PET FOOD COLOMBIA SAS,9.67
IM2418 - ADITIVOS Y ALIMENTOS SA ADIFEED,9.12
IM2422 - DSM NUTRITIONAL PRODUCTS COLOMBIA S,8.13
IM2425 - KERRY INGREDIENTS DE MEXICO SA,8.21
IM2434 - Riveto SAS,8.95
IM2478 - INDUSTRIAL DE OLEAGINOSAS AMERICANA,9.19
IM0120 - BREMIL INDUSTRIA DE PRODUTOS ALIMEN,8.66
IM0482 - TATE & LYLE,8.92
IM0883 - ICATOM SA,9.23
IM2068 - TRAVERSO SA,8.34
IM2171 - QINHUANGDAO GOLDENSEA FOODSTUFF IND,8.45
IM2185 - FRUTAROM SAVORY SOLUTIONS AUSTRIA G,8.16
IM2406 - Amtech Ingredients,8.62
IM2417 - LUCCHETTI CHILE S.A.,8.01
IM2426 - ADM DO BRASIL LTDA,9.00
IM2427 - SOLAE DO BRASIL INDUSTRIA E COMERCI,8.67
IM2432 - WILMAR TRADING PTE LTD,8.55
IM2445 - WISCONSIN SPICE INC,8.29
IM2480 - PRODUCTOS LUX SA,8.94
IM2144 - ANDRITZ FEED Y BIOFUEL AS,9.09
IM2173 - SEW EURODRIVE DEL PERU SAC,8.91
IM2324 - VAL PRODUCTS INC,8.34
"IM2393 - Andritz Hydro, S.A. de C.V.",9.51
IM2401 - MAREL SISTEMAS DE PROCESO DE ALIMEN,7.08
IM2181 - FARMABASE SAUDE ANIMAL LTDA,9.73
IM2201 - ALURA ANIMAL HEALTH Y NUTRITION SAS,9.73
IM2330 - ELANCO COLOMBIA S.A.S,7.94
IM2366 - EUROLOG PACKING GROUP NORTH AMERICA,8.18
IM0904 - INFOR MEXICO SOFTWARES SA DE CV,9.12
IM2231 - SAP COLOMBIA SAS,9.12
IM2272 - M-TECH SYSTEMS USA LLC,8.12
IM2414 - NEORIS DE MEXICO SA DE CV,8.96
IM2415 - NEORIS COLOMBIA SAS,8.89
EI0047 - CORPORACION DE REPRESENTACION Y SER,8.51
EI0086 - CORPACK S.A.,9.67
EI0152 - CORPORACION MULTIVAC S.A.S,8.89
EI0163 - KARCHER ECUADOR S.A,8.59
EI0176 - RESOMAK INDUSTRIAL SOLUTIONS ECUADO,8.79
EI0186 - PROQUIMARSA S.A.,9.82
EI0190 - PROMECIN S.C.C. SOCIEDAD CIVIL Y CO,9.74
EI0192 - EQFARM CIA. LTDA.,8.25
EI0193 - EAGLETRADE S.A.,8.93
EI0201 - LARA VALDEZ JOSE GERARDO,9.29
FI0064 - LA LLAVE S.A. DE COMERCIO,9.15
FI0067 - MAQUINARIAS HENRIQUES C.A.,8.87
FI0182 - INDUSTRIAL DE SERVICIOS CIA. LTDA.,8.65
RA0172 - METALMEIDA CIA.LTDA.,8.40
RP0132 - GRUPO INDUSTRIAL SARRIA,8.43
RP0150 - SOLGARPI S.A.,8.85
SE2020 - INDUTORRES S.A.,9.47
OC0027 - COMPRA PROVEEDOR OCASIONAL,9.92
PU0147 - INDUVALLAS CIA. LTDA.,9.40
PU0376 - CASTRO BARAHONA ELIANA CRISTINA,9.15
PU5246 - ZAZACORP S.A,9.70
PU5272 - STRATEGIA EFEKTIVA STRAKTIVA S.A.,8.70
EL0061 - DELTAGEN ECUADOR S.A,8.77
QU0090 - QUIMATEC CIA. LTDA.,9.17
QU0126 - GRANOTEC ECUADOR S.A.,8.88
EI0184 - ROYAL MONTACARGAS ECUADOR COMERCIAL,8.92
RP0159 - FLORES CIFUENTES WASHINGTON,9.30
ML0124 - URETA ZAMBRANO GLADYS ROSA,9.45
FI0048 - HIVIMAR S.A.,8.72
ML0054 - PROVEEDORES INDUSTRIALES S.C.C.,8.96
MM0044 - CASA DEL RULIMAN DEL ECUADOR S.A.,8.97
LI0069 - TEXTIL SAN PEDRO S.A.,9.06
RP0003 - VILLACRES LEDESMA EMMA IRALDA.,8.14
RP0020 - AVECILLA ORELLANA JHONNY FRANCISCO.,6.90
RP0052 - ROYALTEX S A,8.06
RP0082 - AYO GUACHAMIN LUIS RAMIRO,9.39
RP0112 - ZHUNIO PAEZ DIEGO FERNANDO,7.38
SI0112 - PINEDA LLERENA HECTOR EFRAIN,8.24
SI0145 - MIDCIS CIA LTDA,7.46
SI0151 - CURIPOMA ANDRADE ELSA MARIA,9.27
SI0166 - SIMBAÑA CORO JORGE ENRIQUE,8.68
SI0169 - VASCO SOLANO MIREYA DOLORES,7.47
SI0176 - PROANO VALLEJO FELIPE JOSE,6.74
SI0177 - BRITO PROANO EDGAR ESTEBAN,2.70
ME0153 - TONICOMSA S.A.,8.71
RM0067 - DEGSO CIA LTDA,8.57
RP0024 - CREACIONES JUVENTUS S.A.,7.26
SI0001 - AMC ECU CIA LTDA,7.75
SI0029 - BARRERA CARRILLO ELSA JEANETTE,9.64
SI0042 - SERCIM S.A.,6.89
SI0088 - PROAÑO REPRESENTACIONES S.A.,7.84
SI0099 - PLASTICAUCHO INDUSTRIAL S.A.,8.78
SI0125 - LAFFERTE ALANIZ NEXO EGIDIO,9.14
SI0152 - COBERTURA TOTAL EN CONECTIVIDAD CAP,7.13
SI0168 - GEFS CHEMICAL SOLUTION GEFS CIA LTD,6.18
SI0175 - DELGADO OBANDO BYRON FRANCISCO,7.45
MM0204 - DECISION C.A.,9.25
SI0096 - G4S SECURE SOLUTIONS ECUADOR CIA.LT,9.69
SI0115 - SORISEG CIA.LTDA.,8.96
SI0130 - INVIN CIA.LTDA.,9.16
SI0160 - COMPAÑÍA DE SEGURIDAD PRIVADA SEGUR,8.73
SI0073 - LORENTZEN GUERRERO JOHN RICHARD,9.15
SE1095 - FILESTORAGE S.A.,8.50
SE0055 - PRICE WATERHOUSE DEL ECUADOR,8.92
SE4387 - SERVIENTREGA ECUADOR S.A.,7.91
EO0020 - XEROX DEL ECUADOR S.A. (UIO),6.78
SE0005 - ALMEIDA RAQUEL,6.80
LI0117 - CLEANSTAR S. A.,8.88
LI0122 - SFM FACILITY SERVICIOS COMPLEMENTAR,9.32
SE2386 - ALGAGICORP S.A.,9.50
SE4380 - BORLETI S.A.,9.39
SE0089 - COIMPEXA CIA LTDA,9.39
SE0319 - KUEHNE + NAGEL S.A.,6.70
SE2421 - TERMINAL DE CARGAS ECUADOR S.A.,9.76
SE3067 - ENTREGAS ESPECIALES ESPENTREGAS S.A,9.14
SE3094 - ASIA SHIPPING ECUADOR S.A.,9.57
SE4270 - VICSANLOGISTICS S.A.,9.31
SE4349 - H.A. CARGO S.A.,9.13
SE4366 - AGENCIA NAVIERA EXPRESS NETWORK OFF,9.15
SI0102 - MULTISERDIG CIA.LTDA.,9.15
TR0232 - ROLASA,9.33
TR1804 - ECUAMOVING INTERNATIONAL CARGO S.A.,9.58
EC0001 - OTECEL S.A.,7.00
EC0056 - SOFTCONSULTING S.A.,7.21
EC0068 - TECNOLOGIA AVANZADA DEL ECUADOR,8.35
EC0078 - IMSATCOM S.A.,7.84
EC0080 - TECSINFO S.A.,4.59
EC0083 - BIGBRANCH S.A.,9.37
EC0119 - RP3 S.A RETAIL POS 3,8.15
EC0129 - BISOLUTIONS CIA LTDA,8.48
EC0133 - TELECOMUNICACIONES A SU ALCANCE TEL,5.76
EC0135 - EPI-USE ECUADOR EPIUSECOM CIA.LTDA,8.45
EC0142 - EBTEL CIA. LTDA.,9.00
"EC0148 - TOPMANAGE ECUADOR, S.A.",9.19
EC0149 - RECALDE HEREDIA CATALINA ELIZABETH,8.98
EC0151 - SOFTWAREONE ECUADOR SOLUCIONES S.A,9.37
EC0153 - XERTICAEC S.A.,9.18
EC0154 - LEPEA SISTEMAS INFORMATICOS DEL ECU,8.96
EC0160 - MOBILVENDOR SOFTWARE COMPANY CIA. L,8.35
EC0161 - KYNDRYL ECUADOR S.A.S.,9.29
EO0010 - IBM DEL ECUADOR C.A.,9.57
EO0027 - DW CONSULWARE CIA.LTDA.,8.36
RP0097 - DISENO E INSTALACIONES TELEFONICAS,9.91
SE0213 - NOVATECH,8.48
SE0443 - KRUGERCORPORATION S.A.,9.08
SE1345 - CONECEL,7.44
SE1765 - BAYTEQ CIA.LTDA.,8.53
SE4227 - SEIDOR S.A,8.23
SE4346 - CENTURYLINKECUADOR S.A.,8.58
"SE4008 - PEREZ, BUSTAMANTE & PONCE CIA.LTDA.",9.70
MS0072 - PROMOTORES MEDICOS LATINOAMERICANOS,8.94
TL0001 - CABASCANGO TITO MARIA GLADYS.,7.43
SE2325 - MOPOSITA FERNANDEZ LUIS,9.18
TR1418 - TORRES VINUEZA FAUSTA MELANIA,9.30
TR1521 - RAMOS ARRIETEA ARMANDO POLIVIO,9.70
TS0166 - CHUGCHO PILCO KLEVER PATRICIO,7.95
TS0527 - MASAQUIZA DARQUEA MARIA SARA,9.63
TS0548 - PUNGUIL RAMOS IRMA CAROLINA,9.46
SE0341 - G.A.R. E INGENIEROS CIA.LTDA.,9.90
SE2597 - ASESORIA Y ESTUDIOS TECNICOS CIA.LT,6.48
TS0164 - SERVICIOS DE INSPECCION Y GESTIÓN D,9.96
RM0154 - STORAGE SYSTEM DUQUEMATRIZ CIA.LTDA,9.47
SE4504 - VAPORYCONTROL CIA. LTDA.,9.70
TS0010 - GUEVARA ROJAS TEOFILO GUILLERMO,9.71
TS0169 - BASTIDAS SATIAN JHOFRE ORLANDO,9.02
LL0047 - PABLO GUILLEN CORDOVA CIA.LTDA.,9.12
TL0047 - MONTACARGAS Y SERVICIOS CIA. LTDA.,7.69
TL0367 - UZHCA MERCHAN JOSE MIGUEL,9.26
RP0137 - BRITRANSFORMADORES S.A.,9.66
SE0362 - CATAGUA CEDEÑO REINALDO ERNESTO,9.20
SE1542 - VERA VERA AGUSTIN ABRAHAN,9.94
SE2245 - MEDINA HIDALGO & ASOCIADOS S.A.,9.20
SE2435 - HARO TORRES WASHINGTON KLEBER,9.08
SE0084 - NARVAEZ LOZA JORGE HUMBERTO,9.16
MM0212 - PUNTO ELECTRICO PUNTELEC S.A.,8.71
MM0343 - FREIRE VELASTEGUI ANDY BAYRON,6.53
TL0041 - MAELIN,8.92
TL0388 - MORENO MORENO ANDRES OLIVO,9.15
LI0118 - SANIGROUP S.C.,9.64
MM0324 - IBARRA MALLORGA CARLOS MANUEL.,8.79
SE0120 - GARCIA IBARRA GIOVANNY,8.96
SE1088 - MEDRANDA CUSME RAMON ESTENIO,8.99
TS0172 - SERVICIO METAL Y SOLDADURA PLOMIMET,9.47
MC0190 - CUBIERTAS DEL ECUADOR KU-BIEC S.A.,9.07
SE1702 - SANTILLAN VALLEJO MIGUEL ANGEL,9.43
MM0027 - MUSO TIBAN CARLOS MANUEL,10.00
MM0030 - PINEDA QUISHPE LUIS ALBERTO,9.01
SE1037 - RODRIGUEZ CEVALLOS RODRIGO,9.29
SE1254 - PINEDA QUISHPE SEGUNDO,9.15
TS0128 - LABIBE LOURDES HADATTY MOJARRANGO,9.54
SE1594 - LOMBEIDA VINUEZA MISAEL ARTURO,8.98
MC0240 - HIDALGO SANCHEZ ABEL RAFAEL,9.55
SE2053 - CAJAS ENCALADA MIGUEL ALBERTO,9.56
TR0134 - SALTOS FLORES JUAN CARLOS,8.59
MM0062 - HIGGECO,8.55
SE2250 - ZAMBRANO PERALTA PATRICIO DANIEL,9.41
TS0181 - PERFOCONSUL CIA. LTDA.,8.93
MC0207 - JUNCAL GARCIA SEGUNDO BOLIVAR,9.17
SE0343 - ZAMBRANO MACIAS LUDBERTO GAZPAR,9.49
SE0473 - TUMBACO LUCIO LIBER TEOFILO,8.28
SE1948 - ESPINOZA HERNANDEZ EDGAR,9.23
SE1979 - FLORES MEDIAVILLA HENRY ARMANDO,7.80
TS0205 - BENAVIDES PERALTA CECILIA JEANETH,8.86
SE2420 - BURBANO ROBALINO CARLOS EFRAIN,9.37
FI0165 - AQUASERVICE,9.80
MC0255 - MOREANO RECALDE NICOLAS ALEJANDRO,4.92
SE0149 - SHUGULI MORALES JOSE JULIO,9.63
SE0559 - ROMAN OÑATE MARCELO SALOMON,9.33
SE2122 - UNTUNA CASA HENRY PAUL,9.48
SE2415 - RODALTOR CONTRUCCIONES CIA.LTDA.,9.60
SE2465 - SEVILLA Y MARTINEZ INGENIEROS CA,9.96
SE2607 - PONCE QUINONEZ RICARDO STALIN,9.00
SE2982 - GOMERO ESPINEL LOURDES REGINA,9.15
SE4206 - CONSTRUCTORA OBREXSAN CIA. LTDA.,9.70
TS0110 - CABEZAS RODRIGUEZ RAMIRO ESTEBAN,8.95
TS0116 - CORREA RIOS PATRICIO MANUEL,9.17
TS0133 - PINELA S.A.,9.45
TS0173 - VLADIMIR GUSTAVO YANEZ TRASLAVIÑA,8.79
TS0201 - ERAZO MEDINA LUIS FABRICIO,9.79
TS0204 - HENRY DANIEL REYES MARTINEZ CONSTRU,9.29
TS0528 - IMECORSA S.A.,8.95
TS0540 - JCTEM INGENIERIA Y SERVICIOS CIA. L,9.87
TS0557 - SANCHEZ VILLAFUERTE EDGAR FABIAN,9.83
TS0569 - CADRECAL CONSTRUCCIONES CIA. LTDA.,9.82
TS0571 - VIVANCO LEON RICARDO CRISTOBAL,10.00
TS2354 - INGENIERÍA Y MANTENIMIENTO TOTAL IN,8.95
MC0213 - VALENCIA NORONA MARIA CECILIA,9.50
SE1545 - F&R CALLEJAS,9.05
TS0559 - INEDYCPOWER & ENERGY TECHNOLOGY CIA,9.90
EI0147 - ADMINISTRACION DE PROYECTOS INDUSTR,9.33
EI0150 - O. M AUTOMATIZACION Y CONTROL S.A O,8.06
EI0157 - ARMIJOS HURTADO VICTOR HUGO,8.38
ML0034 - MARTINEZ CABRERA ELIVAR MEDARDO,9.39
MM0120 - LLUMIQUINGA LINCANGO LUIS RAMIRO,9.70
MM0333 - MEDINA PINTADO CARLOS FABRICIO,9.05
RP0105 - SERVICIOS DE INGENIERIA CARLOS LOPE,9.27
SE0891 - JARAMILLO RUGEL LUIS MANUEL,9.25
EC0116 - PREDICTIVALVAREZ CIA. LTDA,7.91
EI0080 - SENSORTECSA S.A.,8.87
MM0032 - PONCE HNOS S.A.,9.64
RP0145 - LANCHE PINEDA RODOLFO PAUL,8.30
TS0136 - MALES GUALLASAMIN BYRON SANTIAGO,9.86
MC0247 - DOLDER S.A.,8.73
TR1692 - CUADRADO BASTIDAS ROBINSON JAVIER,10.00
TS0015 - ORDONEZ ABRIGO MILTON ARMANDO,9.71
TS0211 - INTERINOX S.A.,7.71
ZZ0311 - INTERINOX S A,9.81
MM0347 - FELICITA NATO HECTOR,9.15
MM0349 - VASQUEZ SOLORZANO KEVY WILFRIDO,9.24
MT0022 - COMPAÑIA CIVIL COMERCIAL CARAL,8.49
RP0119 - TRUJILLO FONSECA MARIO EDWIN,9.89
TS0024 - PANAMITO VALDIVIESO FREDDY ANIBAL,8.71
TS0043 - GARAY ESTRELLA LUIS ALFREDO,10.00
EI0020 - OFISNA,9.24
ML0074 - GUERRA GUERRA OSCAR PATRICIO,8.00
MM0102 - YANEZ VILLAFUERTE MIGUEL ANGEL,9.38
MM0167 - TEPACORP S.A.,8.91
MM0180 - OROZCO CANTOS GALO EDMUNDO,8.50
MM0198 - E.M.I.C.,7.78
MM0303 - VALENCIA PAZMIÑO DIEGO MAURICIO,8.99
MM0317 - GUAMAN GUERRERO ARTURO IVAN,7.35
MM0329 - JIMENEZ BLACIO DIMAS MOISES,8.29
MM0334 - VELASQUEZ MARQUEZ JESUS JORDY,8.37
MT0017 - VITERI LIMAICO IVAN MARCELO,9.36
MT0054 - ANDRADE GONZALEZ FLAVIO ROBERTO,8.42
SE0157 - MONTENEGRO NARANJO JUAN CARLOS,8.45
SE0406 - MERO ARAY OSCAR FRANCISCO,7.79
SE4170 - VISSCHEDIJK BRAM HENDRIK JAN,9.89
TL0005 - BARRIGA HUMBERTO,7.19
TL0357 - JAMI LEMA HOLGER RAFAEL,8.48
TS0040 - PUMALPA MORILLO LINO ADOLFO,8.99
TS0063 - ESTRADA YAMBAY DANILO SANTIAGO,9.15
TS0081 - GUAMAN ZUNIGA BOLIVAR RICARDO,8.35
TS0114 - MERA VASQUEZ EDGAR MARCELO,9.21
TS0146 - DIAZ CHICAIZA EDUARDO JAVIER,7.82
TS2361 - GEOMETAL S.A.S.,9.37
EI0034 - ACLIMATIC,10.00
EI0121 - IMPORTELCORP S.A.,9.26
FI0083 - SERTESA,6.88
RE0006 - MAFRICO S.A.,9.17
RE0009 - REFRISA,9.18
RE0065 - TRUJILLO ARGUELLO CARLA SUSANA,8.38
RE0068 - DIAZ NEIRA SARA LILIANA,9.33
RM0108 - INGREFRI,9.16
RP0138 - MAYEKAWA ECUADOR S.A.,9.34
SE0038 - IMECANIC,8.83
TS0176 - QUISHPE TOSCANO ROBERTO ELIECER,8.17
TS0195 - GRUPOMM REFRIGERACION S.A.,6.14
TS0551 - TRIALMECH CIA LTDA,8.49
SE2268 - AYALA SANTILLAN JORGE MAURICIO,9.29
LI0002 - CARDENAS MUSO SEGUNDO LIZANDRO,9.44
MC0263 - RODRIGUEZ BENAVIDEZ ARTEMIO GERMAN,9.19
PU5248 - CAJAS JARAMILLO JOSE LUIS,9.31
SE0163 - VITERI NANDAR JOSE GILBERTO,9.66
SE0462 - MOYA MOLINA MANUEL ALBERTO,8.02
SE0938 - RODRIGUEZ BENAVIDES WILSON GEOVANNY,9.42
SE1005 - GOMEZ ELIAS ABSALON,8.60
SE1750 - SANANGO GONZALEZ NESTOR VICENTE,9.27
SE2078 - TOLEDO BUNAY NELSON RENELMO,8.17
SE2253 - USINA ZUNIGA JAIME HUMBERTO,9.18
SE2653 - RAMIREZ VIVANCO ELICIO BOLIVAR,9.53
TS0046 - AYALA PAILACHO VICTOR HUGO,9.45
TS0183 - RIVAS BOWEN MAURO ENRIQUE,9.17
TS0208 - PICHISACA CIGUENCIA GALO EDUARDO,8.85
TS0529 - BETANCOURT ESPINOZA HERNAN ALONSO,7.91
TS0532 - GALLEGOS INTRIAGO JENIFER ESTEFANIA,9.07
TS0552 - TAPIA HERMIDA PAUL FERNANDO,7.84
EC0003 - DOMINTEK S.A.,8.80
EC0054 - NAUNAY CHAVEZ WASHINGTON,9.23
EC0071 - SOLUCIONES TECNOLGICAS SOLTEFLEX S,6.18
EC0099 - BYRON ANDRES HERRERA COLLAGUAZO,9.13
EC0102 - UNISCAN CIA. LTDA,8.03
EC0104 - ALLIANCE TECH DEL ECUADOR CIA.LTDA.,8.67
EC0130 - MEGASETEC MEGA SERVICIOS Y TECNOLOG,7.39
EC0145 - TODONEG S.A.,6.72
ET0002 - BINARIA SISTEMAS C LTDA,8.70
ET0094 - AKROS CIA. LTDA.,5.39
EI0035 - RYC S.A.,8.54
EI0134 - MOTORES Y TRACTORES MOTRAC S.A.,9.30
EI0161 - AGROPRODUZCA S.A,8.34
EI0165 - MECANOS SACI,7.04
EI0189 - TOTAL TRUCK CIA. LTDA.,9.06
RM0043 - VEGA VEGA MARIO ENRIQUE,8.91
VE0018 - I.I.A.S.A.,9.06
AM0123 - REA BALSECA ROBINSON RUPERTO,9.02
TR0640 - GREENANDES ECUADOR S.A.,8.81
TR0928 - DELGADO URGILEZ MERCEDES ROSARIO,7.87
TR1472 - TRAVEZ MORENO CESAR GUILLERMO,9.15
TR1568 - PARRA PARRA HOLGER FILIBERTO,7.36
TR1873 - PAREDES QUINTEROS EDISON GERMAN,6.95
TR2043 - COMPAÑIA TRANSITCA S.A.,7.36
TR2089 - COOPERATIVA DE TRANSPORTE ESCOLAR 7,8.15
TR2091 - TRANSPORTE ESCOLAR E INSTITUCIONAL,6.85
TR2928 - COMPANIA CIA. TRANS. MOCHILA EXPRES,7.36
TR2929 - COMPAÑIA DE TRANSPORTE ESCOLAR DE B,7.36
TR2938 - TRANS MAGIC CIA LTDA,9.34
TR2971 - COMPAÑÍA FLORES Y TRANSPORTE S.A. F,7.36
TR2973 - OPERADORA DE TRANSPORTE ARCOHIRIS S,9.31
TR2974 - TRANSPORTE ESCOLAR E INSTITUCIONAL,8.59
TR2975 - TRANSPORTE ESCOLAR TOURESTUDIANTIL,8.35
TR2976 - COMPAÑÍA DE TRANSPORTE COMERCIAL ES,8.89
TR2977 - TRANSLIBERTADOR S.A,7.23
TR1816 - FASTLINECAR S.A.,7.88
TR1946 - COMPANIA DE TAXI EJECUTIVO 7 DE AGO,7.74
AL0169 - URGILES LAZO IVAN ALFREDO,6.46
SE2310 - GUALOTO GUALOTO SEGUNDO PEDRO,7.96
TR0010 - ALVAREZ COLLAGUAZO HECTOR OLMEDO.,7.30
TR0091 - MORENO TACURI WILSON EFRAIN,6.16
TR0129 - ROMERO PARRA MANUEL MESIAS,6.36
TR0513 - DELGADO URGILES CARLOS ALBERTO,7.79
TR0543 - CARRILLO GAIBOR JOSE ANTONIO,6.96
TR0568 - AMAN HECTOR EFRAIN,7.30
TR0774 - SANTILLAN GALARZA MENTOR RODOLFO,7.36
TR0828 - NARVAEZ MEDIAVILLA EDISON WILMAN,9.46
TR0837 - ARGUDO SALAZAR JOSE DARIO,8.16
TR0861 - SIAVICHAY CORNEJO ROBERTO FERNANDO,7.30
TR1086 - CRUZ AGUILAR FABIAN EBERTO,7.30
TR1183 - MARTINEZ LUZURIAGA WILSON VINICIO,7.30
TR1214 - ALDAZ CAMPOVERDE MARIO EFREN,7.36
TR1237 - AGUIRRE VILLARREAL NAPOLEON ALFONSO,7.30
TR1243 - SANTILLAN TELLO JULIO CESAR,6.86
TR1289 - IMBAQUINGO FUENTES HECTOR POLIVIO,7.30
TR1390 - SINCHE PUENTE JUANA GEORGINA,7.20
TR1395 - MORA CAGUANA JAVIER FERNANDO,6.46
TR1432 - GARCIA LASTRA SIMON BOLIVAR,7.00
TR1512 - MEZONES ANCHUNDIA FELIX DAVID,8.00
TR1520 - ASCATRANS S.A.,8.22
TR1555 - ROSERO LEMA CARLOS EFREN,7.30
TR1565 - LEON CHILLOGALLI LUIS GERARDO,7.30
TR1672 - CAMPOVERDE PINEDA EVELYN GABRIELA,7.30
TR1681 - CAMPOVERDE JARAMILLO MARCOS AUGUSTO,7.30
TR1682 - NUNEZ ALBAN VICENTE ENRIQUE,6.16
TR1752 - MORENO ROSERO NANCY LILIANA,7.36
TR1795 - CHICA COBENA JOSE RAMON,7.36
TR1796 - MOROCHO NARVAEZ MARCO ANTONIO,7.30
TR1815 - SUAREZ JARAMILLO DIANA ELIZABETH,6.97
TR1824 - CAMPOVERDE LOOR GABRIELA EUGENIA,7.36
TR1836 - YELA QUIROZ NIXON HERIBERTO,8.35
TR1837 - COMPAÑIA DE TRANSPORTE ESCOLAR E IN,7.11
TR1844 - VALLADAREZ PAREDES CARLOS FABIAN,9.16
TR1845 - TORRES ROJAS FELIX GERARDO,7.36
TR1850 - LAPO MENA OSWALDO PATRICIO,7.35
TR1852 - GARCES ZUÑIGA NESTOR NAPOLEON,7.36
TR1860 - PABON AYALA ALCIDES RAMIRO,7.36
TR1861 - ESPIN IZURIETA OSWALDO VINICIO,7.24
TR1862 - VILLACIS CARVAJAL VICTOR HUGO,7.36
TR1863 - LOGROÑO PEREZ ANIBAL ROGELIO,7.30
TR1865 - UVIDIA VILEMA JAIME JULIAN,7.36
TR1871 - SILVA YANES WASHINGTON ANIVAL,6.16
TR1874 - CEPETUD S.A.,8.20
TR1875 - YELA QUIROZ MIRIAM YOLANDA,7.30
TR1895 - CUADRADO SOTO JHONATAN PATRICIO,8.56
TR1898 - YANEZ COLLAGUAZO JUAN CARLOS,7.30
TR1952 - CORREA BARAHONA PATRICIO ERNESTO,7.36
TR1976 - REYES VILLALVA JOSE VICENTE,7.36
TR2004 - FERNANDEZ PACHECO WILLIAM ALEJANDRO,6.90
TR2006 - CHAVEZ VERA CESAR FRANCISCO,7.30
TR2026 - MORAN LOOR GEOVANNY MANUEL,7.30
TR2031 - FLOTA DE TRANSPORTE ESCOLAR E INSTI,7.83
TR2034 - COMPAÑIA DE TRANSPORTE ESTUDIANTIL,7.56
TR2098 - FASTSCHOOL C.A.,7.36
TR2936 - MEDINA MAÑAY GONZALO ALONZO,9.40
TR2956 - JARAMILLO MERIZALDE LUIS AMABLE,8.35
TR2962 - MORENO LLERENA JORGE HONORIO,7.30
TR2966 - COMPAÑÍA JV TRANSPORTE ESCOLAR E IN,9.08
TR2968 - TRANSPORTE ESCOLAR TRANSATENAS S.A.,9.34
TR2987 - COMPAÑÍA DE TRANSPORTE TRANSPOLITAN,6.44
TR2988 - TOMALA MENDOZA JUSTINIANO FLORENTIN,7.24
TR2995 - PAZVILLAL S.A.,7.24
TR3022 - TRANS MAGIC S.A.,9.34
ZZ0120 - CISNEROS M SERGIO,6.76
SE0018 - DHL EXPRESS (ECUADOR) S.A.,9.76
SE1444 - PACIFICLINK S.A.,8.63
SE2238 - LITECOMEX CIA.LTDA.,9.30
SE2463 - LOGISTICS UNLIMITED S.A.LOGUNSA,8.40
TR0312 - DHL GLOBAL FORWARDING (ECUADOR) S.A,9.00
TR0597 - MEDITERRANEAN SHIPPING CO,8.16
TR2934 - ROLACARGA S.A.,9.38
TR2935 - ALIANZA LOGISTIKA TDGE S.A,10.00
TR3008 - DSV-AIR&SEA S.A.,8.77
FI0086 - SUINCO & INGIN CIA. LTDA.,8.92